episode,return,length
1,-254.1,91
2,-55.7,75
3,-212.7,88
4,-91.6,90
5,-178.7,121
6,-283.7,101
7,21.3,90
8,-126.3,68
9,-117.6,68
10,-516.3,103
11,-148.0,88
12,-232.5,120
13,-6.6,92
14,-139.6,78
15,-86.0,68
16,-126.2,121
17,-166.9,96
18,-195.0,75
19,-123.7,61
20,-82.1,87
21,-98.5,79
22,-478.2,97
23,-219.8,84
24,10.5,92
25,-120.5,99
26,-106.0,71
27,-178.7,114
28,-68.4,65
29,-134.9,93
30,-164.9,102
31,-79.0,73
32,-95.9,83
33,-35.4,91
34,-10.5,100
35,-119.4,80
36,-119.1,96
37,-100.0,64
38,-186.8,106
39,-276.6,68
40,-72.8,70
41,-21.0,83
42,-157.9,112
43,-241.3,106
44,-121.3,76
45,-270.1,118
46,-153.6,88
47,-133.3,104
48,-86.9,64
49,-89.8,84
50,-159.1,115
51,-146.8,104
52,-99.3,99
53,-138.4,107
54,-368.0,118
55,-285.0,112
56,-102.0,76
57,-330.8,110
58,-16.1,116
59,-92.5,96
60,-267.7,100
61,-133.2,75
62,-86.1,76
63,-126.3,97
64,-111.9,77
65,-130.4,78
66,-156.2,103
67,-127.6,73
68,-96.3,95
69,-28.8,66
70,-58.3,74
71,-88.0,83
72,-143.6,118
73,-113.4,77
74,-76.9,63
75,-50.8,66
76,-99.9,107
77,-118.7,66
78,-162.2,101
79,-55.8,68
80,-147.7,122
81,-85.6,92
82,-97.4,61
83,-147.0,69
84,-141.8,73
85,-73.7,66
86,-123.1,63
87,-78.7,93
88,-115.8,76
89,-180.9,89
90,-119.9,92
91,-191.3,75
92,-41.6,123
93,-118.0,72
94,-94.8,75
95,-143.4,93
96,-140.3,83
97,-113.7,117
98,-160.7,99
99,-120.0,82
100,-225.5,121
101,-112.4,120
102,-57.3,60
103,-106.5,73
104,-116.8,144
105,-94.9,84
106,-114.0,101
107,-81.2,65
108,-141.3,72
109,-190.7,81
110,-369.5,114
111,-113.7,83
112,-66.3,71
113,-158.0,114
114,-242.5,146
115,-153.4,104
116,-126.4,97
117,-87.8,92
118,-98.7,129
119,-125.8,108
120,-103.9,82
121,-96.0,131
122,-397.2,139
123,-144.7,64
124,-208.6,132
125,-179.4,115
126,-87.4,78
127,-72.8,132
128,-66.5,94
129,-103.7,129
130,-98.0,81
131,-86.6,56
132,-104.7,94
133,-289.3,111
134,-94.7,64
135,-91.0,75
136,-69.4,100
137,-200.0,146
138,-315.5,117
139,-60.4,81
140,-144.7,114
141,-103.8,130
142,-99.7,127
143,44.8,152
144,-101.8,66
145,-113.7,98
146,-115.5,71
147,-179.2,86
148,-200.9,97
149,-116.1,66
150,-216.7,91
151,-85.6,124
152,-241.6,152
153,-311.9,211
154,-148.8,95
155,-203.3,111
156,-182.6,134
157,-118.0,109
158,-169.3,86
159,-89.8,74
160,-113.5,90
161,-62.0,80
162,-180.6,80
163,-75.7,90
164,-317.1,109
165,-66.7,97
166,-152.2,129
167,-97.0,120
168,-146.2,128
169,-88.8,117
170,-98.5,98
171,-101.0,88
172,-72.5,77
173,-95.9,93
174,-82.6,71
175,-60.4,135
176,-322.7,134
177,-81.4,70
178,-114.4,134
179,-57.0,125
180,-94.1,104
181,-127.0,100
182,-107.0,67
183,-111.1,98
184,-115.7,86
185,-214.8,111
186,-119.3,91
187,-127.2,91
188,-147.0,163
189,-82.4,70
190,-123.1,99
191,-105.6,85
192,-100.5,99
193,-117.1,90
194,-74.6,74
195,-110.2,116
196,-197.1,106
197,-195.4,103
198,-92.0,78
199,-128.4,148
200,-112.3,112
201,-220.0,105
202,-57.9,69
203,-6.4,111
204,-103.7,92
205,-63.6,112
206,-109.8,111
207,-202.8,119
208,-109.0,73
209,-60.0,75
210,-46.7,91
211,-41.9,74
212,-110.4,191
213,-182.0,127
214,-230.0,143
215,-92.3,104
216,-140.1,83
217,-114.7,115
218,-244.6,103
219,-193.1,95
220,-88.2,105
221,-94.0,106
222,-94.8,141
223,-279.8,145
224,-14.8,154
225,-29.4,69
226,-44.2,139
227,-15.9,74
228,-171.9,112
229,-255.8,113
230,-130.9,105
231,-132.4,145
232,-204.1,107
233,11.7,108
234,-58.7,153
235,-50.7,99
236,-127.7,163
237,-60.1,155
238,-47.1,139
239,-204.0,108
240,-57.4,151
241,-210.1,155
242,-84.1,163
243,-69.9,146
244,-123.7,135
245,-43.3,112
246,-96.5,119
247,4.5,243
248,-227.4,122
249,-263.6,148
250,-239.9,155
251,-217.6,161
252,-41.4,81
253,-278.9,154
254,-106.2,156
255,-75.5,110
256,-142.0,173
257,-110.4,164
258,-57.5,137
259,-99.3,158
260,-157.3,108
261,-55.2,142
262,-133.6,156
263,-81.0,144
264,-13.8,102
265,-29.1,125
266,-72.0,105
267,-60.2,115
268,-60.2,132
269,-107.6,145
270,-38.0,137
271,-63.1,156
272,-111.6,143
273,-222.9,174
274,-102.7,139
275,-238.3,127
276,-37.4,134
277,-126.5,117
278,-89.9,211
279,-16.8,101
280,-80.4,255
281,14.3,126
282,-9.4,87
283,-36.4,157
284,-33.6,116
285,9.3,140
286,-246.7,221
287,-48.3,187
288,-60.9,136
289,-61.3,80
290,-165.3,156
291,-45.6,130
292,40.1,131
293,-56.2,168
294,-162.2,113
295,52.6,103
296,-12.6,141
297,-50.1,109
298,-45.1,171
299,-74.7,139
300,-27.7,130
301,-235.3,149
302,-60.3,156
303,-96.4,85
304,-90.6,174
305,-52.2,91
306,-102.1,214
307,-33.2,181
308,3.0,1000
309,42.5,1000
310,-52.6,156
311,-59.5,147
312,3.2,100
313,-124.1,111
314,-198.9,122
315,-33.5,169
316,-244.7,151
317,-130.3,280
318,-197.6,121
319,-1.4,146
320,-10.5,121
321,-47.1,193
322,-30.9,275
323,-116.2,185
324,-81.0,158
325,-182.7,119
326,-206.5,197
327,-21.1,118
328,-164.0,193
329,-72.3,185
330,33.2,1000
331,-63.8,155
332,-175.8,257
333,-8.1,179
334,-49.9,173
335,-63.0,136
336,-19.6,131
337,-213.7,163
338,-171.6,216
339,-94.8,161
340,-53.2,161
341,-23.6,177
342,48.6,188
343,11.6,159
344,3.3,141
345,-20.8,257
346,-68.1,214
347,25.3,200
348,-269.3,817
349,-149.8,216
350,82.8,1000
351,-19.0,270
352,24.6,154
353,-29.6,236
354,50.5,1000
355,-52.2,168
356,-256.8,223
357,-159.8,188
358,-34.2,178
359,-51.3,390
360,19.2,105
361,9.4,152
362,-6.7,233
363,-27.4,1000
364,-0.3,171
365,-102.5,204
366,-27.2,399
367,93.9,1000
368,36.5,166
369,79.3,1000
370,-24.2,304
371,45.9,263
372,-20.8,151
373,-64.9,226
374,14.6,189
375,-164.1,269
376,-1.5,279
377,-24.1,226
378,-93.7,319
379,-55.2,313
380,-64.3,188
381,-22.2,225
382,-77.2,262
383,-55.7,283
384,-22.1,206
385,-20.9,204
386,-22.0,131
387,23.0,1000
388,55.8,1000
389,69.4,1000
390,30.4,170
391,-10.9,384
392,-39.6,276
393,18.6,220
394,-20.3,289
395,42.7,148
396,-33.1,143
397,-34.1,164
398,-44.7,411
399,-68.0,339
400,-18.1,132
401,-20.3,189
402,-27.4,328
403,12.4,188
404,-9.8,182
405,23.2,147
406,2.9,210
407,26.5,238
408,52.6,1000
409,-37.2,249
410,-1.7,287
411,-108.0,245
412,-56.5,396
413,46.1,1000
414,-6.2,438
415,-158.3,240
416,64.9,1000
417,1.3,416
418,-32.6,160
419,-14.4,235
420,-89.7,319
421,-44.8,355
422,-27.0,203
423,0.4,153
424,-22.7,212
425,-98.8,516
426,0.2,1000
427,-29.2,217
428,39.9,1000
429,-27.0,301
430,-141.1,392
431,122.9,1000
432,-125.2,337
433,-7.8,1000
434,-67.3,282
435,86.9,1000
436,-197.5,458
437,-95.6,363
438,37.2,1000
439,-23.0,1000
440,-55.6,399
441,-150.8,323
442,97.0,1000
443,-19.6,281
444,33.6,1000
445,-82.6,304
446,101.5,1000
447,-71.4,335
448,-15.4,399
449,-76.1,271
450,3.9,1000
451,19.8,1000
452,25.1,408
453,-1.2,1000
454,-216.7,851
455,62.8,1000
456,-195.8,679
457,69.7,1000
458,-204.4,517
459,-4.4,275
460,95.4,1000
461,-114.5,447
462,-110.9,465
463,-2.9,366
464,-174.2,351
465,-95.8,528
466,87.3,1000
467,143.6,1000
468,84.9,1000
469,-44.9,224
470,60.8,1000
471,128.4,1000
472,89.7,1000
473,67.5,1000
474,92.2,1000
475,-53.3,346
476,62.6,1000
477,-84.2,464
478,146.8,1000
479,-95.0,544
480,80.5,1000
481,25.2,1000
482,-159.9,647
483,-154.5,496
484,-186.6,794
485,-69.6,679
486,-110.4,352
487,43.0,1000
488,-15.6,1000
489,-103.6,285
490,-6.6,1000
491,-27.9,1000
492,-81.7,635
493,50.2,1000
494,52.7,1000
495,23.9,1000
496,8.1,1000
497,34.0,1000
498,-202.4,926
499,-90.1,416
500,-86.7,1000
501,-142.2,645
502,-127.1,511
503,-209.9,706
504,-60.1,1000
505,-42.9,1000
506,-138.8,803
507,88.5,1000
508,-48.4,1000
509,-25.0,1000
510,30.9,1000
511,55.0,1000
512,96.6,1000
513,72.1,1000
514,45.0,1000
515,-23.1,1000
516,-0.2,1000
517,63.6,1000
518,40.7,1000
519,-112.7,858
520,-36.2,1000
521,29.9,1000
522,-56.2,1000
523,76.1,1000
524,80.1,1000
525,14.8,1000
526,55.9,1000
527,47.8,1000
528,15.7,1000
529,36.4,1000
530,-10.9,1000
531,-97.5,877
532,82.0,1000
533,52.0,847
534,20.8,1000
535,6.5,1000
536,72.3,1000
537,21.1,1000
538,27.5,1000
539,41.2,1000
540,46.8,1000
541,79.4,1000
542,-96.6,652
543,23.5,1000
544,102.9,1000
545,54.2,1000
546,62.2,1000
547,40.9,1000
548,109.4,1000
549,-61.4,541
550,-53.5,470
551,-148.0,525
552,84.0,1000
553,116.4,1000
554,-38.1,1000
555,-126.9,523
556,126.9,1000
557,13.3,1000
558,-107.7,529
559,-146.4,612
560,-109.1,518
561,-56.2,1000
562,-171.6,603
563,-95.6,340
564,-118.8,532
565,76.3,1000
566,-127.4,567
567,-75.5,662
568,109.0,1000
569,93.8,1000
570,15.5,1000
571,20.3,1000
572,139.0,695
573,58.1,1000
574,-28.5,1000
575,74.7,1000
576,-96.1,546
577,105.1,1000
578,-79.4,464
579,51.2,1000
580,-76.1,465
581,104.3,1000
582,21.3,1000
583,78.7,1000
584,99.6,1000
585,-43.5,523
586,72.7,1000
587,74.3,1000
588,65.3,1000
589,78.4,1000
590,120.7,1000
591,-119.5,504
592,-58.5,538
593,56.2,1000
594,-66.8,399
595,84.4,1000
596,125.2,1000
597,50.5,1000
598,78.2,1000
599,39.9,1000
600,-83.2,487
601,79.0,1000
602,59.2,1000
603,66.4,827
604,89.5,1000
605,19.8,1000
606,90.2,984
607,29.4,1000
608,-111.8,864
609,21.1,1000
610,76.6,1000
611,-107.6,761
612,80.0,1000
613,105.4,823
614,54.3,1000
615,81.8,1000
616,116.7,955
617,-2.6,1000
618,33.2,1000
619,-17.1,1000
620,65.9,1000
621,23.4,1000
622,38.3,1000
623,49.0,1000
624,102.9,1000
625,69.7,1000
626,87.1,1000
627,173.5,611
628,88.6,1000
629,71.2,1000
630,74.4,1000
631,-67.5,421
632,133.1,713
633,-64.9,465
634,-100.3,534
635,-56.9,573
636,-3.9,1000
637,54.3,1000
638,54.1,1000
639,33.6,1000
640,53.9,1000
641,64.2,1000
642,-40.6,458
643,-96.8,601
644,31.1,1000
645,-60.2,520
646,-112.5,620
647,-96.5,579
648,37.4,1000
649,-92.5,746
650,151.0,798
651,-56.8,590
652,-80.1,420
653,-151.8,531
654,59.5,1000
655,-103.7,645
656,73.7,1000
657,-111.4,671
658,58.4,1000
659,85.4,1000
660,-89.8,677
661,28.7,1000
662,70.6,1000
663,-111.9,699
664,-73.0,584
665,-153.1,727
666,6.1,1000
667,68.9,1000
668,18.0,1000
669,56.5,1000
670,52.1,1000
671,42.5,1000
672,-99.5,605
673,37.7,1000
674,87.0,1000
675,47.5,1000
676,23.5,1000
677,155.7,739
678,-75.6,495
679,71.9,1000
680,-61.7,611
681,44.5,1000
682,-85.7,672
683,33.4,1000
684,-180.9,605
685,-74.7,553
686,-95.6,596
687,-83.4,682
688,-75.9,206
689,188.4,720
690,15.9,1000
691,32.8,1000
692,83.8,1000
693,137.9,706
694,139.6,682
695,-97.3,639
696,-87.0,569
697,112.3,1000
698,-86.9,570
699,107.8,1000
700,156.8,700
701,199.9,746
702,217.5,807
703,166.4,622
704,211.3,860
705,187.2,678
706,-69.6,549
707,186.6,912
708,107.7,1000
709,151.4,923
710,202.0,643
711,-35.9,546
712,171.8,737
713,-90.0,647
714,184.5,600
715,184.7,827
716,-14.4,1000
717,185.0,665
718,159.5,706
719,102.3,858
720,169.0,663
721,-143.2,859
722,10.1,1000
723,194.0,616
724,196.8,673
725,-86.1,1000
726,-109.9,700
727,212.2,599
728,119.5,773
729,134.3,976
730,-152.3,695
731,-131.0,834
732,-79.7,457
733,69.0,965
734,26.1,1000
735,-122.8,662
736,200.2,540
737,-48.2,385
738,175.8,656
739,213.2,532
740,-76.3,411
741,-90.1,499
742,162.6,871
743,79.1,1000
744,-41.6,437
745,208.3,435
746,189.5,592
747,203.5,561
748,1.1,1000
749,-60.7,480
750,192.0,492
751,177.8,671
752,165.5,643
753,168.6,555
754,-87.4,460
755,126.2,492
756,-50.8,487
757,28.6,1000
758,194.3,581
759,-12.2,478
760,179.6,607
761,159.0,911
762,188.5,694
763,209.9,620
764,178.3,947
765,196.2,536
766,29.4,1000
767,-32.9,517
768,-41.7,1000
769,189.9,469
770,142.8,593
771,-39.8,467
772,-65.7,473
773,191.8,623
774,217.8,559
775,193.9,482
776,-50.5,483
777,-69.5,456
778,-42.9,433
779,180.8,533
780,223.0,560
781,86.9,1000
782,-107.4,495
783,-8.9,357
784,-82.8,429
785,185.6,585
786,193.6,488
787,-30.9,424
788,192.4,628
789,198.8,558
790,150.1,562
791,200.7,482
792,219.4,475
793,-69.8,394
794,63.1,1000
795,152.2,814
796,201.0,492
797,-22.1,436
798,212.2,740
799,158.7,472
800,-36.5,477
801,179.9,577
802,-33.0,372
803,-70.1,451
804,179.1,586
805,-64.6,352
806,-60.3,422
807,200.5,501
808,178.6,644
809,199.8,627
810,184.4,507
811,172.3,762
812,-102.7,432
813,194.9,526
814,-88.9,460
815,187.6,698
816,-66.8,583
817,221.6,491
818,-95.9,541
819,164.5,560
820,185.0,621
821,205.8,581
822,196.0,594
823,173.0,635
824,193.6,549
825,161.8,512
826,-121.7,455
827,152.7,728
828,178.8,534
829,142.4,569
830,-70.5,371
831,-106.1,511
832,188.3,676
833,-71.8,260
834,224.9,565
835,-148.6,603
836,167.6,585
837,-59.8,348
838,123.2,577
839,206.4,590
840,232.7,532
841,216.6,576
842,-39.9,425
843,64.3,1000
844,201.2,561
845,-79.7,392
846,201.4,531
847,229.8,556
848,239.1,547
849,214.1,546
850,-98.2,424
851,-156.0,782
852,175.7,582
853,204.3,568
854,-130.3,507
855,-97.6,477
856,118.8,807
857,203.7,566
858,-30.3,434
859,-71.0,560
860,177.9,556
861,-90.1,416
862,229.6,472
863,172.6,564
864,-142.7,445
865,188.4,625
866,-62.5,425
867,230.6,523
868,222.0,485
869,159.3,689
870,194.7,530
871,-154.8,638
872,173.6,513
873,225.3,482
874,-52.7,458
875,143.5,665
876,193.6,524
877,106.5,810
878,135.0,730
879,-57.7,539
880,198.1,578
881,207.8,505
882,206.8,756
883,195.3,549
884,123.5,836
885,-45.8,585
886,-100.6,355
887,205.6,600
888,187.0,556
889,-124.2,696
890,222.7,608
891,-16.2,1000
892,184.2,647
893,143.1,889
894,128.0,868
895,160.0,561
896,174.9,888
897,93.3,794
898,94.7,736
899,110.9,855
900,-105.7,618
901,187.2,611
902,135.6,670
903,-75.6,419
904,63.2,970
905,181.8,705
906,149.7,588
907,-91.3,526
908,185.7,619
909,192.1,491
910,163.9,615
911,205.8,587
912,208.5,507
913,193.9,531
914,62.6,1000
915,-40.6,521
916,133.0,676
917,80.0,769
918,-171.6,784
919,122.1,742
920,196.7,763
921,169.1,615
922,129.7,675
923,170.5,656
924,164.4,794
925,105.3,871
926,175.2,628
927,168.3,674
928,156.8,668
929,-95.8,551
930,148.4,673
931,171.6,650
932,223.7,704
933,145.6,732
934,193.5,621
935,118.6,758
936,151.6,614
937,191.6,703
938,204.3,537
939,-67.9,438
940,-116.9,547
941,227.5,496
942,-33.1,393
943,221.0,505
944,208.9,564
945,166.7,546
946,-67.0,423
947,91.8,723
948,84.4,668
949,181.0,646
950,-54.0,501
951,170.9,641
952,177.1,503
953,-60.5,393
954,174.4,680
955,-46.7,360
956,201.7,554
957,-69.6,333
958,195.1,564
959,165.0,456
960,-98.2,457
961,210.8,491
962,190.3,498
963,157.0,609
964,138.9,500
965,-16.0,441
966,202.1,510
967,95.6,753
968,203.6,574
969,176.4,643
970,144.5,776
971,-108.5,510
972,183.2,626
973,239.3,587
974,184.9,581
975,158.0,634
976,-151.1,713
977,165.9,569
978,-106.5,547
979,-108.0,544
980,-65.3,383
981,-26.4,548
982,92.1,812
983,134.5,644
984,-83.3,456
985,173.8,664
986,204.8,635
987,144.9,637
988,-154.2,510
989,-105.0,536
990,-95.3,464
991,94.2,773
992,162.1,578
993,200.6,569
994,195.9,585
995,136.3,642
996,-118.9,480
997,-101.3,562
998,-103.7,522
999,53.9,849
1000,118.3,726
1001,152.4,619
1002,195.3,611
1003,148.9,675
1004,-88.7,499
1005,-46.2,475
1006,167.7,576
1007,195.1,663
1008,28.8,1000
1009,80.8,1000
1010,127.0,701
1011,-99.3,536
1012,160.8,959
1013,-142.4,582
1014,-92.9,644
1015,-99.8,579
1016,118.5,872
1017,-88.5,507
1018,125.1,741
1019,128.1,740
1020,18.9,1000
1021,-134.5,555
1022,-52.0,1000
1023,-75.2,564
1024,175.0,744
1025,125.4,713
1026,-86.3,660
1027,-138.6,597
1028,166.7,637
1029,140.0,770
1030,196.9,580
1031,-95.7,570
1032,75.0,1000
1033,140.8,609
1034,150.0,711
1035,-103.2,631
1036,-130.9,676
1037,-86.3,576
1038,-133.3,644
1039,181.6,554
1040,94.6,846
1041,-59.4,545
1042,-101.8,506
1043,151.0,662
1044,191.5,677
1045,-25.3,1000
1046,106.6,708
1047,-133.2,731
1048,97.5,826
1049,160.3,769
1050,185.9,614
1051,-94.3,602
1052,129.5,767
1053,-113.0,449
1054,-64.8,438
1055,-46.4,451
1056,193.3,635
1057,153.2,680
1058,-142.8,748
1059,177.3,675
1060,151.1,665
1061,160.9,760
1062,182.3,580
1063,159.7,573
1064,204.3,846
1065,194.7,565
1066,9.6,1000
1067,109.8,764
1068,-18.9,449
1069,131.6,752
1070,162.6,575
1071,-65.7,465
1072,212.0,510
1073,-56.9,506
1074,142.6,520
1075,186.9,479
1076,189.6,475
1077,205.3,539
1078,-72.7,570
1079,130.4,649
1080,213.6,567
1081,184.0,492
1082,88.0,613
1083,168.5,635
1084,251.7,465
1085,191.5,488
1086,229.3,504
1087,-67.8,514
1088,-96.0,498
1089,171.0,503
1090,-161.3,764
1091,150.8,507
1092,141.5,722
1093,168.1,493
1094,197.1,551
1095,176.3,530
1096,204.3,599
1097,60.3,1000
1098,-140.4,691
1099,-97.7,555
1100,218.3,548
1101,138.4,670
1102,192.7,675
1103,163.2,701
1104,-163.8,724
1105,101.6,623
1106,142.1,655
1107,-128.4,615
1108,128.6,594
1109,141.7,643
1110,179.5,639
1111,-65.5,483
1112,145.1,630
1113,230.0,984
1114,101.5,751
1115,81.8,841
1116,-57.7,285
1117,151.7,632
1118,187.8,683
1119,104.4,824
1120,-98.0,496
1121,176.6,602
1122,170.4,675
1123,-151.1,644
1124,159.7,689
1125,156.6,646
1126,165.1,655
1127,195.6,587
1128,188.7,461
1129,-99.5,418
1130,171.6,543
1131,167.1,717
1132,-148.2,477
1133,171.1,547
1134,184.5,527
1135,-137.9,458
1136,192.1,554
1137,107.9,682
1138,-75.0,421
1139,-205.9,756
1140,-36.6,410
1141,-49.5,387
1142,193.1,810
1143,-89.4,452
1144,-91.4,522
1145,151.5,660
1146,-75.6,449
1147,-142.3,502
1148,151.1,634
1149,152.1,610
1150,131.4,727
1151,-97.0,496
1152,145.9,515
1153,41.6,1000
1154,171.2,552
1155,38.5,1000
1156,-47.8,276
1157,-50.4,258
1158,181.0,637
1159,207.6,573
1160,-71.2,1000
1161,176.6,629
1162,169.8,590
1163,-120.0,564
1164,-35.3,506
1165,33.2,1000
1166,-56.7,293
1167,209.1,575
1168,197.0,594
1169,-171.0,549
1170,-50.8,537
1171,-73.7,370
1172,-45.8,295
1173,193.4,500
1174,195.8,526
1175,14.4,1000
1176,-148.1,488
1177,-79.3,464
1178,-61.5,439
1179,136.0,568
1180,-90.0,511
1181,-60.0,423
1182,76.9,1000
1183,216.0,485
1184,127.0,911
1185,187.2,519
1186,-85.9,456
1187,98.7,462
1188,129.8,549
1189,-87.5,497
1190,176.5,548
1191,-60.0,349
1192,39.8,1000
1193,211.4,538
1194,-78.7,436
1195,157.2,885
1196,-127.2,581
1197,-76.6,379
1198,-82.9,316
1199,230.4,408
1200,218.5,417
1201,-62.8,414
1202,18.5,1000
1203,-48.3,273
1204,-49.1,422
1205,174.3,524
1206,131.5,508
1207,164.5,496
1208,-86.8,494
1209,-71.8,318
1210,209.7,485
1211,137.0,531
1212,-127.4,426
1213,-73.5,351
1214,182.0,555
1215,141.2,482
1216,-73.5,433
1217,206.0,443
1218,178.0,550
1219,123.8,581
1220,176.8,453
1221,214.2,467
1222,68.8,530
1223,-24.1,246
1224,58.1,1000
1225,-95.7,222
1226,-165.2,482
1227,130.2,613
1228,100.1,658
1229,-107.4,572
1230,-78.1,395
1231,205.3,576
1232,-84.7,428
1233,32.2,1000
1234,186.6,509
1235,141.4,648
1236,-83.7,399
1237,-133.9,575
1238,-117.6,547
1239,169.4,448
1240,196.0,598
1241,13.2,1000
1242,87.8,809
1243,146.3,696
1244,114.1,713
1245,-28.2,423
1246,-66.4,259
1247,83.2,1000
1248,32.7,1000
1249,156.8,511
1250,158.7,569
1251,177.4,524
1252,-152.9,583
1253,-45.4,483
1254,-7.2,272
1255,179.0,584
1256,215.7,515
1257,-87.3,541
1258,46.7,1000
1259,-55.7,252
1260,199.3,741
1261,128.0,649
1262,145.2,717
1263,174.7,675
1264,-113.4,500
1265,-206.3,774
1266,-164.9,857
1267,-81.8,516
1268,47.2,1000
1269,-14.9,1000
1270,53.8,924
1271,136.6,621
1272,-2.4,1000
1273,182.1,759
1274,-95.6,403
1275,167.4,611
1276,191.6,546
1277,-38.4,472
1278,-118.8,582
1279,58.9,1000
1280,-71.7,355
1281,-61.6,328
1282,-123.9,576
1283,188.3,583
1284,-73.5,555
1285,172.3,416
1286,32.0,1000
1287,117.0,816
1288,-65.1,373
1289,-25.2,1000
1290,-66.8,536
1291,214.0,547
1292,-83.9,475
1293,117.2,735
1294,146.2,624
1295,-70.5,495
1296,-217.9,799
1297,32.3,1000
1298,158.5,667
1299,181.0,624
1300,-73.5,553
1301,-37.0,213
1302,197.1,596
1303,44.8,1000
1304,-156.3,796
1305,33.2,1000
1306,159.1,655
1307,148.7,705
1308,-60.3,1000
1309,165.6,635
1310,-65.3,1000
1311,181.4,706
1312,27.9,1000
1313,-128.2,660
1314,88.2,913
1315,-105.3,525
1316,180.5,692
1317,-47.1,406
1318,74.1,789
1319,-49.8,1000
1320,-124.4,519
1321,-49.4,418
1322,126.8,726
1323,48.0,1000
1324,-74.6,365
1325,-46.7,528
1326,103.7,729
1327,157.7,496
1328,-116.9,543
1329,-15.0,1000
1330,-51.4,180
1331,-44.0,1000
1332,-63.5,1000
1333,159.7,556
1334,162.9,511
1335,146.6,671
1336,-59.6,492
1337,-32.0,474
1338,192.3,539
1339,162.2,569
1340,-52.8,404
1341,-74.8,409
1342,163.5,624
1343,-53.0,503
1344,149.5,573
1345,-94.2,1000
1346,188.6,528
1347,200.0,482
1348,150.0,565
1349,162.0,561
1350,-57.7,398
1351,121.3,763
1352,-78.6,444
1353,191.0,495
1354,196.1,529
1355,201.3,477
1356,201.0,494
1357,-65.5,389
1358,-38.2,227
1359,173.9,531
1360,-10.1,410
1361,57.3,1000
1362,186.0,602
1363,175.2,516
1364,174.4,540
1365,193.5,585
1366,212.6,449
1367,206.5,591
1368,171.3,511
1369,-107.9,1000
1370,173.3,489
1371,190.8,552
1372,143.0,662
1373,3.5,1000
1374,-61.7,375
1375,195.8,497
1376,212.0,544
1377,53.6,1000
1378,155.3,573
1379,-52.2,197
1380,166.3,509
1381,-45.1,398
1382,199.3,504
1383,186.2,506
1384,-3.6,1000
1385,-58.9,557
1386,-52.8,236
1387,182.6,468
1388,177.7,634
1389,110.6,796
1390,-33.2,1000
1391,-79.6,337
1392,184.0,493
1393,-88.8,391
1394,195.1,538
1395,174.3,652
1396,192.6,461
1397,-49.3,255
1398,194.9,620
1399,185.7,459
1400,211.4,458
1401,227.9,502
1402,122.4,735
1403,118.2,799
1404,-63.0,447
1405,216.3,450
1406,-49.1,410
1407,-100.0,361
1408,159.7,480
1409,-76.9,354
1410,210.8,458
1411,-37.0,441
1412,138.8,715
1413,218.6,410
1414,-13.1,309
1415,185.4,504
1416,205.0,464
1417,180.3,429
1418,182.5,426
1419,152.7,502
1420,106.4,1000
1421,196.7,409
1422,-68.5,273
1423,227.0,436
1424,205.6,482
1425,-67.3,348
1426,80.9,1000
1427,212.9,438
1428,-54.3,303
1429,193.5,368
1430,-33.3,448
1431,196.1,457
1432,-50.2,263
1433,215.2,398
1434,-62.3,282
1435,223.7,392
1436,175.6,484
1437,225.5,402
1438,214.2,803
1439,160.2,503
1440,-52.3,229
1441,-60.1,347
1442,91.7,1000
1443,-46.2,235
1444,-48.4,365
1445,182.4,403
1446,200.0,338
1447,-1.1,355
1448,-21.3,308
1449,195.5,546
1450,-47.0,199
1451,234.2,370
1452,-19.4,304
1453,223.9,372
1454,-61.8,386
1455,228.2,385
1456,209.9,411
1457,205.4,408
1458,-102.1,415
1459,93.7,1000
1460,228.3,434
1461,172.9,499
1462,234.4,592
1463,117.7,611
1464,-52.6,371
1465,225.8,482
1466,236.0,413
1467,-64.5,401
1468,-58.7,432
1469,217.8,422
1470,-125.0,733
1471,138.4,620
1472,78.3,1000
1473,-23.6,221
1474,-71.7,359
1475,-49.8,327
1476,192.7,475
1477,82.7,1000
1478,200.8,431
1479,-58.8,255
1480,-38.6,373
1481,143.2,417
1482,-100.8,286
1483,193.9,379
1484,-58.6,264
1485,203.5,428
1486,-46.2,332
1487,163.5,437
1488,-88.5,276
1489,120.1,676
1490,54.3,1000
1491,-85.5,475
1492,-63.8,235
1493,239.1,460
1494,172.8,519
1495,-47.1,284
1496,205.2,595
1497,-73.4,277
1498,-59.0,201
1499,197.4,378
1500,-86.9,247
1501,-24.2,316
1502,205.1,438
1503,206.3,439
1504,215.5,402
1505,205.7,697
1506,100.8,1000
1507,175.4,427
1508,228.3,515
1509,-128.7,259
1510,-68.7,414
1511,187.8,508
1512,-47.7,349
1513,-0.1,281
1514,168.6,433
1515,173.6,532
1516,59.1,1000
1517,-78.6,409
1518,215.5,422
1519,166.9,521
1520,196.3,470
1521,-57.5,201
1522,235.3,667
1523,-82.2,429
1524,77.6,1000
1525,201.5,357
1526,-19.5,369
1527,230.0,385
1528,158.5,594
1529,147.5,724
1530,190.7,527
1531,-49.1,230
1532,66.6,1000
1533,-34.1,401
1534,224.3,430
1535,215.1,397
1536,213.7,385
1537,-57.2,302
1538,-43.2,287
1539,-83.0,292
1540,-38.4,360
1541,-31.5,208
1542,168.0,688
1543,42.3,1000
1544,-58.7,258
1545,-79.5,278
1546,196.3,387
1547,-64.7,394
1548,-49.4,207
1549,-85.9,394
1550,213.0,376
1551,165.4,457
1552,-84.4,345
1553,-84.7,348
1554,-72.0,288
1555,169.6,739
1556,228.4,394
1557,-54.1,351
1558,-52.3,246
1559,73.7,1000
1560,188.3,384
1561,-60.1,180
1562,-112.8,326
1563,-99.5,360
1564,172.3,482
1565,-74.9,357
1566,-61.8,313
1567,-116.5,366
1568,-25.8,319
1569,185.3,363
1570,-91.0,347
1571,-52.9,354
1572,207.4,449
1573,217.1,382
1574,220.4,375
1575,223.1,399
1576,-129.1,268
1577,73.6,1000
1578,-97.9,398
1579,149.5,603
1580,-48.5,312
1581,-82.8,247
1582,220.8,396
1583,164.7,431
1584,-96.2,388
1585,-72.6,194
1586,-10.2,247
1587,65.6,1000
1588,-23.6,200
1589,-55.7,251
1590,141.6,433
1591,-13.9,205
1592,176.9,385
1593,132.0,407
1594,-80.9,431
1595,-76.9,336
1596,217.1,382
1597,148.7,516
1598,-48.6,274
1599,198.8,385
1600,-54.5,177
1601,63.4,1000
1602,195.7,401
1603,-98.8,433
1604,155.1,436
1605,182.3,354
1606,-52.5,240
1607,-131.1,242
1608,-49.5,298
1609,-51.7,217
1610,-73.8,246
1611,237.5,370
1612,191.8,302
1613,-72.4,322
1614,-55.7,309
1615,78.9,1000
1616,-50.8,231
1617,223.0,369
1618,-27.3,266
1619,-75.2,183
1620,-24.7,283
1621,219.8,422
1622,-139.9,317
1623,163.7,443
1624,-73.9,342
1625,-71.3,232
1626,-112.6,467
1627,199.7,393
1628,148.1,428
1629,-46.2,255
1630,147.1,464
1631,217.0,378
1632,227.9,374
1633,191.9,303
1634,-47.0,327
1635,-85.7,319
1636,114.3,699
1637,73.8,1000
1638,-60.4,232
1639,199.2,303
1640,-75.2,339
1641,-99.2,326
1642,182.0,500
1643,246.2,371
1644,-50.5,226
1645,-77.4,171
1646,154.3,502
1647,-90.4,260
1648,172.7,689
1649,210.2,402
1650,202.8,435
1651,-69.6,340
1652,-131.1,558
1653,-85.8,355
1654,205.4,387
1655,-33.7,350
1656,-68.8,203
1657,-61.5,371
1658,-107.8,606
1659,176.7,460
1660,-84.0,309
1661,-112.6,442
1662,-86.1,392
1663,-109.9,509
1664,-79.5,300
1665,220.0,495
1666,-65.2,189
1667,-107.9,540
1668,182.9,401
1669,93.0,727
1670,-100.5,684
1671,-81.0,288
1672,-55.2,300
1673,212.4,487
1674,194.7,403
1675,189.0,315
1676,214.0,405
1677,157.0,508
1678,186.1,546
1679,-104.4,532
1680,127.1,709
1681,169.9,462
1682,-76.4,177
1683,-50.2,373
1684,-66.5,259
1685,-98.8,393
1686,-122.9,451
1687,182.0,488
1688,-79.9,466
1689,-76.0,330
1690,-157.4,455
1691,-106.9,302
1692,195.8,464
1693,182.1,493
1694,-75.4,286
1695,155.8,549
1696,210.3,481
1697,203.2,391
1698,192.7,445
1699,-152.0,379
1700,-85.1,285
1701,154.6,541
1702,175.9,490
1703,209.2,485
1704,135.2,531
1705,191.1,985
1706,-72.3,326
1707,-48.9,300
1708,123.0,632
1709,-60.2,258
1710,-56.6,346
1711,-85.0,463
1712,-69.3,235
1713,177.6,726
1714,171.7,541
1715,-80.5,377
1716,-105.2,413
1717,-22.8,214
1718,-142.3,283
1719,-51.4,318
1720,-62.4,248
1721,135.2,671
1722,-106.9,385
1723,-73.7,306
1724,191.6,450
1725,-88.1,268
1726,-118.4,607
1727,-56.8,378
1728,-88.6,391
1729,-66.2,186
1730,-52.7,246
1731,-28.3,286
1732,-63.6,248
1733,-54.0,412
1734,-76.3,316
1735,-58.3,272
1736,119.5,613
1737,163.6,465
1738,-125.0,580
1739,-53.5,175
1740,-31.9,331
1741,-103.4,545
1742,104.2,662
1743,187.9,524
1744,166.6,787
1745,196.1,506
1746,157.3,575
1747,23.1,1000
1748,166.2,552
1749,-96.7,294
1750,194.9,665
1751,-138.1,796
1752,178.9,637
1753,94.3,978
1754,179.5,362
1755,-113.8,684
1756,147.4,620
1757,207.6,514
1758,142.8,698
1759,55.8,996
1760,151.1,467
1761,151.8,449
1762,197.5,518
1763,177.9,471
1764,-67.8,385
1765,131.3,684
1766,-33.5,1000
1767,175.7,580
1768,41.0,1000
1769,-65.1,429
1770,192.2,569
1771,177.4,730
1772,168.0,563
1773,179.6,681
1774,27.5,1000
1775,192.1,506
1776,125.0,695
1777,115.5,694
1778,251.2,473
1779,-54.0,1000
1780,156.6,533
1781,-63.4,1000
1782,-42.0,193
1783,-92.0,413
1784,89.0,1000
1785,181.5,708
1786,65.0,1000
1787,193.2,646
1788,78.9,1000
1789,202.6,451
1790,194.4,519
1791,-116.1,701
1792,153.8,529
1793,183.4,513
1794,121.0,650
1795,237.1,527
1796,-126.1,587
1797,-27.8,243
1798,-48.4,183
1799,-100.0,557
1800,7.9,1000
1801,173.8,499
1802,64.5,1000
1803,159.9,715
1804,86.4,1000
1805,167.6,851
1806,142.2,508
1807,71.3,1000
1808,99.5,829
1809,-28.1,224
1810,157.5,515
1811,201.2,387
1812,-44.2,176
1813,212.6,273
1814,156.5,476
1815,-74.4,168
1816,-57.4,301
1817,-38.6,391
1818,208.5,490
1819,154.5,527
1820,144.6,672
1821,169.6,443
1822,-42.8,245
1823,223.6,494
1824,192.0,508
1825,164.0,544
1826,-112.0,492
1827,218.0,498
1828,146.6,808
1829,-37.3,210
1830,64.6,1000
1831,152.8,386
1832,-49.4,216
1833,196.1,396
1834,-42.9,331
1835,171.7,500
1836,-73.3,361
1837,164.6,536
1838,-27.2,324
1839,170.2,373
1840,-69.2,344
1841,20.5,1000
1842,179.6,467
1843,191.8,452
1844,-35.5,306
1845,-61.6,404
1846,161.2,452
1847,80.9,692
1848,-18.3,1000
1849,-49.6,1000
1850,144.0,637
1851,-72.6,448
1852,146.8,526
1853,164.0,621
1854,177.0,475
1855,185.1,469
1856,176.2,536
1857,217.7,532
1858,146.9,642
1859,114.3,614
1860,158.2,419
1861,-42.9,205
1862,29.6,1000
1863,176.7,503
1864,-77.5,530
1865,-46.7,313
1866,189.7,427
1867,248.0,373
1868,-102.6,658
1869,-15.4,335
1870,179.8,278
1871,252.1,427
1872,158.7,668
1873,226.3,388
1874,-53.1,305
1875,221.6,386
1876,-88.5,515
1877,218.4,408
1878,90.2,1000
1879,-167.7,826
1880,180.5,445
1881,9.0,379
1882,201.6,405
1883,-63.3,253
1884,198.1,412
1885,173.6,514
1886,-49.9,322
1887,164.0,429
1888,-6.0,1000
1889,149.1,613
1890,-61.2,536
1891,219.2,372
1892,-67.8,190
1893,182.8,516
1894,157.9,665
1895,-170.8,335
1896,-137.1,637
1897,191.6,436
1898,263.2,364
1899,-33.8,276
1900,-23.5,364
1901,-72.8,403
1902,77.0,690
1903,187.6,463
1904,188.3,458
1905,-22.6,299
1906,157.4,386
1907,111.1,1000
1908,33.3,1000
1909,-54.4,244
1910,205.2,366
1911,-21.6,375
1912,188.5,319
1913,211.9,391
1914,-76.8,191
1915,125.5,391
1916,218.3,788
1917,-33.3,251
1918,-98.6,368
1919,194.5,762
1920,-79.4,202
1921,-48.0,215
1922,62.5,1000
1923,-46.6,275
1924,59.1,1000
1925,-54.3,337
1926,37.3,1000
1927,193.8,495
1928,-31.6,303
1929,-65.4,417
1930,209.9,424
1931,-79.4,441
1932,-40.3,240
1933,218.2,326
1934,229.8,387
1935,-89.4,360
1936,-25.6,278
1937,190.7,487
1938,-69.3,468
1939,242.1,409
1940,196.4,436
1941,203.8,400
1942,207.9,402
1943,-47.9,358
1944,-124.0,304
1945,190.6,400
1946,149.1,797
1947,-34.8,345
1948,72.4,1000
1949,-53.3,184
1950,191.6,362
1951,179.3,816
1952,209.9,397
1953,-103.0,502
1954,166.7,511
1955,-55.4,221
1956,-82.0,392
1957,215.0,477
1958,-66.9,373
1959,123.7,1000
1960,-85.6,341
1961,71.5,1000
1962,-46.5,1000
1963,-93.9,224
1964,-33.0,390
1965,-63.2,331
1966,201.9,453
1967,209.7,406
1968,201.5,435
1969,-15.3,434
1970,180.8,417
1971,232.0,471
1972,-147.6,533
1973,131.7,486
1974,-47.7,422
1975,104.0,644
1976,-51.6,357
1977,-28.1,317
1978,177.1,501
1979,-4.3,1000
1980,-25.6,1000
1981,144.4,513
1982,193.4,547
1983,52.4,1000
1984,210.6,421
1985,177.3,490
1986,-49.4,1000
